1;VideoDisplay
3;ad_label
6;controlbar_bg
9;google_video_logo_23px
12;google_video_logo_18px
13;icon_cc_intl_on
16;icon_cc_intl_off
19;icon_cc_us_on
22;icon_cc_us_off
25;icon_max
28;icon_menu
31;icon_menu_small
32;icon_min
35;icon_pause
38;icon_play
41;menu_check
44;btn_left
47;btn_mid
50;btn_right
53;btn_left_mouse
56;btn_mid_mouse
59;btn_right_mouse
62;btn_left_click
65;btn_mid_click
68;btn_right_click
71;minibtn_left
74;minibtn_mid
77;minibtn_right
80;minibtn_left_mouse
83;minibtn_mid_mouse
86;minibtn_right_mouse
89;minibtn_left_click
92;minibtn_mid_click
95;minibtn_right_click
98;time_left
101;time_mid
104;time_right
107;time_slider
110;vol_bg3
113;vol_slider
116;powered_by_google_sm_blackbg
119;player_by_google_tab
122;skycast_logo
20480;__Packages.com.google.video.ui.SimpleButton
20481;__Packages.com.google.video.ui.TransparentButton
20482;__Packages.com.google.video.ui.ButtonFader
20483;__Packages.com.google.video.ui.ListItem
20484;__Packages.com.google.video.ui.VideoItem
20485;__Packages.com.google.media.TimepointNotifier
20486;__Packages.com.google.video.ui.ListCard
20487;__Packages.com.google.ui.common.UIComponent
20488;__Packages.com.google.ui.common.ColorLayer
20489;__Packages.com.google.video.ui.ControlBar
20490;__Packages.com.google.webutil.url.Utils
20491;__Packages.com.google.utils.UrlConstructor
20492;__Packages.com.google.utils.EventReporter
20493;__Packages.com.google.video.ui.SimpleControlBar
20494;__Packages.com.google.video.ui.MetadataCard
20495;__Packages.com.google.ui.media.VolumeControl
20496;__Packages.com.google.ui.common.SmoothFader
20497;__Packages.com.google.ui.common.popupmenu.IPopupMenuItem
20498;__Packages.com.google.ui.common.popupmenu.PopupMenuTextItem
20499;__Packages.com.google.media.VideoSegment
20500;__Packages.com.google.video.apps.BaseVideoPlayback
20501;__Packages.com.google.video.apps.VideoPlayback
20502;__Packages.com.google.video.ui.Scrubber
20503;__Packages.com.google.xml.AbstractXmlFetcher
20504;__Packages.com.google.video.subtitle.SubtitleSet
20505;__Packages.com.google.xml.ContentAdSynd
20506;__Packages.mx.events.EventDispatcher
20507;__Packages.com.google.comm.ProxyStub
20508;__Packages.com.google.video.apps.MediaState
20509;__Packages.com.google.media.IStreamingMediaSource
20510;__Packages.com.google.media.VideoSource
20511;__Packages.com.google.ui.media.ControlBar
20512;__Packages.com.google.ui.common.ToolTips
20513;__Packages.com.google.ui.common.InputBox
20514;__Packages.com.google.ui.common.ShareLayer
20515;__Packages.com.google.ui.common.MessageBox
20516;__Packages.com.google.video.ui.BigHonkingPlayButton
20517;__Packages.com.google.media.AudioSource
20518;__Packages.com.google.video.ui.SyndicatedControlBar
20519;__Packages.com.google.ui.common.IconButtonBase
20520;__Packages.com.google.ui.common.IconHalfButton
20521;__Packages.com.google.video.ui.MetadataBalloon
20522;__Packages.com.google.media.MediaCache
20523;__Packages.com.google.ui.common.IconButton
20524;__Packages.com.google.video.ui.ShareCard
20525;__Packages.com.google.video.ui.PlaylistButton
20526;__Packages.com.google.ui.common.LinearInterpolator
20527;__Packages.com.google.video.ui.MetadataBar
20528;__Packages.com.google.ui.common.popupmenu.PopupMenu
20529;__Packages.com.google.ui.common.Drawing
20530;__Packages.com.google.video.ui.MailButton
20531;__Packages.com.google.utils.DelegateEx
20532;__Packages.com.google.video.ui.ScrollButton
20533;__Packages.com.google.video.ui.TextButton
20534;__Packages.com.google.video.subtitle.SubtitleFrame
20535;__Packages.com.google.video.ui.Thumb
20536;__Packages.com.google.logs.Logger
20537;__Packages.com.google.video.ui.VideolistCard
20538;__Packages.com.google.video.ui.PlaylistOpenButton
20539;__Packages.com.google.ui.common.StylishText
20540;__Packages.com.google.ui.media.MediaPlayer
20541;__Packages.com.google.xml.MediaRSS
20542;__Packages.com.google.video.apps.VideoPlaybackStats
20543;__Packages.com.google.video.ui.PlaylistUI
20544;__Packages.com.google.ui.common.IconToggleButton
20545;__Packages.com.google.video.ui.MuteButton
20546;__Packages.com.google.video.ui.PlaylistCard
20547;__Packages.com.google.video.subtitle.SubtitleControl
20548;__Packages.com.google.video.ui.MiniPlayPauseButton
20549;__Packages.com.google.utils.VideoStats
20550;__Packages.com.google.ui.common.BackedIconButton
20551;__Packages.com.google.video.ui.BackButton
20552;__Packages.com.google.video.ui.SkipButton
20553;__Packages.com.google.comm.NamedConnection
20554;__Packages.com.google.ui.common.popupmenu.PopupMenuSeparatorItem
20555;__Packages.com.google.video.ui.TitleCardRotator
20556;__Packages.com.google.ui.common.Fader
20557;__Packages.com.google.utils.StringUtils
20558;__Packages.com.google.video.ui.PlaylistItem
20559;__Packages.com.google.video.ui.CloseButton
20560;__Packages.com.google.ui.common.FunctionLinearInterpolator
20561;__Packages.com.google.ui.media.ScrubControl
20562;__Packages.com.google.ui.common.ShadowedText
20563;__Packages.com.google.video.ui.PlayPauseButton
20564;__Packages.com.google.video.ui.BufferingWidget
20565;__Packages.com.google.xml.XlbMessages
20566;__Packages.com.google.video.ui.PlaylistControl
20567;__Packages.com.google.video.apps.VideoPlaylists
